{
  "game_state": {
    "possession": "team_yellow",
    "next_shooter": null,
    "score": {
      "team_red": 0,
      "team_yellow": 0
    },
    "end": 1,
    "state": "rock_in_flight",
    "throws": {
      "team_red": 2,
      "team_yellow": 1
    },
    "total_throws": 3
  },
  "locked_button": {
    "near": [
      349.0,
      697.0
    ],
    "far": [
      360.0,
      596.0
    ]
  },
  "locked_house_size": {
    "near": 540.0,
    "far": 748.7
  },
  "current_raw_detections": {
    "far": [],
    "near": [
      [
        "yellow-rock",
        376.5,
        299.5,
        0.9579402804374695
      ],
      [
        "yellow-rock",
        360.5,
        989.0,
        0.9575818181037903
      ],
      [
        "yellow-rock",
        260.0,
        303.5,
        0.9483454823493958
      ],
      [
        "red-rock",
        228.5,
        81.0,
        0.9421268105506897
      ],
      [
        "yellow-rock",
        390.0,
        379.5,
        0.9402145743370056
      ],
      [
        "red-rock",
        347.0,
        350.5,
        0.935265302658081
      ],
      [
        "Button",
        348.5,
        697.5,
        0.9280189871788025
      ],
      [
        "red-rock",
        613.5,
        1179.0,
        0.9267058968544006
      ],
      [
        "red-rock",
        583.5,
        1212.0,
        0.9087823033332825
      ],
      [
        "red-rock",
        575.5,
        1250.0,
        0.9075810313224792
      ],
      [
        "yellow-rock",
        76.0,
        1209.5,
        0.9049736857414246
      ],
      [
        "red-rock",
        29.5,
        1176.5,
        0.901702880859375
      ],
      [
        "yellow-rock",
        631.5,
        1218.0,
        0.8966079354286194
      ],
      [
        "house",
        351.0,
        707.5,
        0.8252052068710327
      ],
      [
        "yellow-rock",
        77.5,
        1233.5,
        0.7146198749542236
      ]
    ]
  },
  "wide_data": {
    "wide_rocks": [],
    "deliveries": false,
    "video_timestamp": "N/A"
  },
  "system_status": {
    "last_score": "No end completed yet",
    "fps": 0.0,
    "model": "fcc-curling-rock-detection/17"
  },
  "trajectory_predictions": [],
  "debug_logs": [
    "Throw complete: team_red, total 1",
    "throw_started",
    "rocks_settling",
    "Rocks settled (3 moving)",
    "Throw complete: team_yellow, total 2",
    "throw_started",
    "rocks_settling",
    "Rocks settled (3 moving)",
    "Throw complete: team_red, total 3",
    "throw_started"
  ],
  "received_at": "2026-05-12 10:58:16",
  "last_update": 1778612296.412396,
  "camera": "near"
}